url,Tipo de anuncio,Tipo de propiedad,Habitaciones,Baños,Superficie,Área construida,Piso,Estrato,precio,latitud,longitud,ubicacion,Año de construcción,Baño de visitas,Superficie del terreno,Parqueadero,Orientación
vendo-apartamento-cerca-a-unicentro-tunja.04b11625-6459-4b81-9ed0-5b1cca149c97,Venta,Apartamento,3.0,2.0,110m²,110m²,3.0,5.0,460.000.000,"5,5465998","-73,3472673","  Conjunto Residencial Mirador De La Colina, Tunja, Boyacá, Colombia  Santa Ines, Tunja, Boyacá  ",,,,,
"vendo-apartamento-nogales-de-la-florida,-tunja.c7b436d8-9dcf-4353-af90-2882ef5e1aeb",Venta,Apartamento,3.0,2.0,56m²,56m²,5.0,3.0,170.000.000,"5,514202","-73,368592","  Apartamentos Nogales de la Florida, Tunja, Boyacá, Colombia  Finca San Antonio, Tunja, Boyacá  ",,,,,
vendo-apartamento-nuevo-conjunto-amalfi-tunja.cd956834-4164-4c8c-ae43-922f69b1fa65,Venta,Apartamento,2.0,2.0,,52m²,3.0,5.0,240.000.000,"5,5659736","-73,3349818","  Amalfi - Constructora Alcabama, Avenida Universitaria, Tunja, Boyacá, Colombia  Tunja, Boyacá  ",2023.0,,,,
vendo-apartamento-conjunto-reina-cecilia-ii.9d0aca3c-fb8a-4151-9a37-56b779b7a135,Venta,Apartamento,2.0,2.0,68m²,68m²,6.0,4.0,385.000.000,"5,5751171","-73,3368342","  Conjunto Reina Cecilia II, Cra. 3, Tunja, Boyacá, Colombia  Portal del Campo, Tunja, Boyacá  ",,,,,
vendo-apartamento-caminitos-de-oicata-ii.50a48804-649f-464d-81ba-7332fe47faf0,Venta,Apartamento,3.0,2.0,64m²,64m²,4.0,4.0,268.000.000,"5,5733311","-73,3371752","  Caminitos de Oicata 2, Transversal 2a, Tunja, Boyacá, Colombia  Palos Verdes, Tunja, Boyacá  ",,,,,
vendo-apartamento-barrio-mesopotamia.a6569618-e3de-4b3a-81e3-53c2155d9d0e,Venta,Apartamento,2.0,2.0,59m²,59m²,5.0,5.0,235.000.000,"5,5457674","-73,35464","  Mesopotamia, Carrera 4, Tunja, Boyacá, Colombia  La Pradera, Tunja, Boyacá  ",,,,,
vendo-apartamento-urbanizacion-la-arboleda.b1804be3-5eaa-4571-8587-781cef0c74d0,Venta,Apartamento,3.0,2.0,,67m²,3.0,4.0,245.000.000,"5,5736696","-73,333986","  Parroquia Nuestra Señora De Lourdes, Tunja, Boyacá, Colombia  Boyaca, Bogotá, D.C., Bogotá, D.C.  ",,,,,
vendo-apartamento-en-tunja.018fc20d-2aec-70a3-8278-722dc1eeffd6,Venta,Apartamento,2.0,2.0,75m²,,,5.0,290.000.000,"5,5318111491398","-73,36070748659","  Centro, Tunja, Boyacá  ",2021.0,,,,
hermoso-apartamento-en-club-house.018f4d65-9bcc-7ce1-b64e-34c82ac6df32,Venta,Apartamento,4.0,3.0,120m²,,,4.0,370.000.000,"5,4034490188982","-73,336667412192","  Ramiriquí, Boyacá  ",2020.0,,,,
apartamento-en-tunja.ce7f4d75-245f-4837-bbfd-5485227de5c9,Venta,Apartamento,2.0,1.0,,84m²,,,220.000.000,"5,5446422","-73,3575572","  Tunja, Boyacá, Colombia  Los Parques, Tunja, Boyacá  ",2000.0,,,,
415.-hermoso-apartamento-tunja-unicentro.078a39c0-396e-48ca-9d1a-330446cd713a,Venta,Casa,4.0,3.0,220m²,220m²,,4.0,580.000.000,"5,5445254165046","-73,356203363825","  Tunja, Boyacá  ",,1.0,,,
apartamento-en-venta-tunja-cerca-a-la-camara-y-comercio.de64bbfc-5b70-4bbe-87a5-a9e573d49215,Venta,Apartamento,2.0,2.0,,65m²,10.0,4.0,255.000.000,"5,5446422","-73,3575572","  Tunja, Boyacá, Colombia  Los Parques, Tunja, Boyacá  ",2019.0,,,,
"venta-apartamento-tunja,-boyaca.03313648-f949-4bd5-a68c-e0a27b309ee4",Venta,Apartamento,5.0,6.0,138m²,138m²,,5.0,531.000.000,"5,5205001","-73,3558868","  Cra. 1, Tunja, Boyacá, Colombia  Los Muiscas, Tunja, Boyacá  ",,,,,
apartamento-en-venta-sector-tunja-boyaca.36603c75-7e93-4dc9-99f4-b9c5d0151313,Venta,Apartamento,2.0,2.0,84m²,84m²,,5.0,380.000.000,"5,5434204649712","-73,358134836768","  Tunja, Boyacá  ",,,,,
"venta-de-apartamento-en-los-muiscas,-tunja,-boyaca,-colombia.4f0c147f-3189-4a92-82c3-ed8cc2cc6687",Venta,Apartamento,2.0,2.0,150m²,150m²,,4.0,280.000.000,"5,53442","-73,3615","  Tunja, Boyacá, Colombia  Tunja, Boyacá  ",2016.0,,,,
"venta-apartamento-sector-manzanares,-tunja,-boyaca,-colombia.79a30f4d-6de0-4383-b645-791e07a7b946",Venta,Apartamento,3.0,3.0,137m²,137m²,,3.0,327.000.000,"5,534734417103","-73,362249109721","  Tunja, Boyacá  ",2009.0,,,,
espectacular-apartamento-al-norte-de-tunja.018f4c9d-68a4-7529-8529-f121ab85f680,Venta,Apartamento,2.0,2.0,69m²,,,4.0,380.000.000,"5,5765322020944","-73,335513635435","  Tunja, Boyacá  ",2023.0,,69 m²,,
"apartamento-en-venta,-mandonado-tunja.25c7376d-26d7-48c2-b106-de38497a44b9",Venta,Apartamento,2.0,2.0,79m²,79m²,,3.0,240.000.000,"5,5412516998504","-73,359038265372","  Maldonado, Tunja, Boyacá  ",,,,,
apartamento-para-estrenar-en-tunja.018f4cd5-ea45-7b98-87d5-1661e30e9c00,Venta,Apartamento,3.0,2.0,62m²,,,3.0,262.900.000,"5,5140608182998","-73,369458139894","  Ciudad Jardín, Tunja, Boyacá  ",2023.0,,62 m²,,
apartamento-en-venta-en-maldonado-tunja.68230879-f08a-4596-aa56-7720b3ef803a,Venta,Apartamento,3.0,2.0,79m²,79m²,,,230.000.000,"5,5446422","-73,3575572","  Tunja, Boyacá, Colombia  Tunja, Boyacá  ",,,,,
"apartamento-en-venta,-sector-las-americas-tunja.605542db-9821-4026-aad2-11af649d10ea",Venta,Apartamento,2.0,2.0,49m²,49m²,,3.0,160.000.000,"5,5467013348044","-73,36298390308","  Jorge Eliercer Gaitan, Tunja, Boyacá  ",,,,,
"apartamento-en-venta,-sector-mesopotamia-tunja.54defdce-d67b-4c89-a1f3-0867d45cd4fb",Venta,Apartamento,3.0,2.0,75m²,75m²,,5.0,250.000.000,"5,5439797141858","-73,356111171448","  La Pradera, Tunja, Boyacá  ",,,,,
apartamento-en-venta-en-parque-pinzon-tunja.a07a51ee-a7c6-4d79-a818-379376fb8b9d,Venta,Apartamento,1.0,1.0,27m²,27m²,,,120.000.000,"5,5446422","-73,3575572","  Tunja, Boyacá, Colombia  Los Parques, Tunja, Boyacá  ",,,,,
"apartamento-en-venta,-sector-paraiso-tunja.93f441d5-899f-4952-b840-718c35118dce",Venta,Apartamento,2.0,2.0,68m²,68m²,,3.0,160.000.000,"5,5350698994764","-73,361155302342","  La Duena, Tunja, Boyacá  ",,,,,
venta-de-apartamento-en-el-sector-de-manzanares-en-tunja.727495b9-4516-4cc8-94f8-ffcdcf11becb,Venta,Apartamento,3.0,3.0,137m²,137m²,,3.0,327.700.000,"5,5446422","-73,3575572","  Tunja, Boyacá, Colombia  Tunja, Boyacá  ",2013.0,,,,
"apartamento-para-estrenar-en-tunja,-la-mejor-ubicacion.018f4d09-b662-79b6-984c-a982c7d048ce",Venta,Apartamento,3.0,2.0,62m²,,,3.0,202.900.000,"5,5115326313636","-73,36656633667","  Nazareth, Tunja, Boyacá  ",2023.0,,62 m²,,
"apartamento-para-estrenar-en-tunja,-la-mejor-ubicacion.018f4d07-717d-7161-8721-7d1f159b5f6c",Venta,Apartamento,3.0,2.0,62m²,,,3.0,201.900.000,"5,5115056813262","-73,367730573448","  Nazareth, Tunja, Boyacá  ",2023.0,,62 m²,,
venta-de-apartamento-ubicado-en-el-setor-maldonado-en-tunja.180737e2-3919-4c8c-9f37-feb0b10df17c,Venta,Apartamento,3.0,2.0,81m²,81m²,,3.0,250.000.000,"5,5413595","-73,3583433","  Maldonado, Tunja, Boyacá, Colombia  Maldonado, Tunja, Boyacá  ",,,,,
apartamento-en-venta-en-el-centro-de-tunja.6adc2a0b-7728-4cab-8411-aaffa3ef538b,Venta,Apartamento,3.0,,150m²,150m²,,,320.000.000,"5,5446422","-73,3575572","  Tunja, Boyacá, Colombia  Los Parques, Tunja, Boyacá  ",,,,,
venta-de-apartamento-dúplex-en-el-sector-de-unicentro-en-tunja.f6c77ca4-2c9d-4b07-adc6-8bf2d02bae2b,Venta,Apartamento,4.0,4.0,137m²,137m²,,5.0,531.000.000,"5,5446422","-73,3575572","  Tunja, Boyacá, Colombia  Tunja, Boyacá  ",2016.0,,,,
apartamento-de-lujo-con-vista-espectacular-en-el-norte-de-tunja.018f4cd1-fa93-72b7-9096-63911e34afe2,Venta,Apartamento,3.0,2.0,108m²,,,4.0,575.000.000,"5,5662477335328","-73,33947319221","  Tunja, Boyacá  ",2021.0,,108 m²,,
comodo-apartamento-en-venta-en-paipa.018f4c42-e259-70a4-be28-bdf462c16b97,Venta,Apartamento,3.0,2.0,94m²,,,3.0,320.000.000,"5,78516750187","-73,119233315661","  Paipa, Boyacá  ",2014.0,,94 m²,,
apartamento-en-venta-en-tunja-sector-unicentro.837f61de-f037-3217-9691-2922222560c9,Venta,Apartamento,4.0,3.0,138m²,,,,450.000.000,"5,4583295351784","-73,360983642709","  Boyacá, Boyacá  ",,,,,
apartamento-en-venta-en-tunja-muiscas.35bfcb49-0fcc-3a12-88a7-9ac18e946cb4,Venta,Apartamento,2.0,2.0,74m²,,,,260.000.000,"5,571706835702","-73,341362920438","  Los Muiscas, Tunja, Boyacá  ",,,,,
apartamento-en-venta-en-tunja-zona-sur.a8498fc6-74d0-3051-b3e9-3210660f939f,Venta,Apartamento,3.0,2.0,56m²,,,,140.000.000,"5,5282964504114","-73,351240062523","  Patriotras, Tunja, Boyacá  ",,,,,
apartamento-en-venta-en-tunja-centro.ea68d5c2-03d7-3968-9b0f-66a6c3bc5ea3,Venta,Apartamento,3.0,4.0,162m²,,,,420.000.000,"5,525146582149","-73,364783393042","  Tunja, Boyacá  ",,,,,
apartamento-en-venta-en-tunja-los-heroes.73925d8d-922b-30bf-869e-804282725e42,Venta,Apartamento,2.0,2.0,57m²,,,,185.000.000,"5,5573740144102","-73,349880801501","  Los Cristales, Tunja, Boyacá  ",,,,,
apartamento-en-venta-en-tunja-norte.2dd15286-1b61-373c-aa18-ed89c2084418,Venta,Apartamento,3.0,2.0,92m²,,,,340.000.000,"5,5760869848418","-73,340929682122","  Tunja, Boyacá  ",,,,,
apartamento-en-venta-en-tunja-noroccidente.6b2458d1-2602-30cc-8719-690b012671c2,Venta,Apartamento,3.0,2.0,78m²,,,,250.000.000,"5,5342156002992","-73,36110648422","  Centro, Tunja, Boyacá  ",,,,,
apartamento-en-venta-en-tunja-centro.62d3c071-5932-3204-881f-adcbbb9289a4,Venta,Apartamento,2.0,2.0,52m²,,,,160.000.000,"5,531607581401","-73,361691317485","  Centro Histórico, Tunja, Boyacá  ",,,,,
apartamento-en-venta-en-tunja-mesopotamia.ef5935bd-a8e2-35f5-891d-2e8a5d464e22,Venta,Apartamento,3.0,3.0,108m²,,,,420.000.000,"5,547371165794","-73,353413334319","  Tunja, Boyacá  ",,,,,
apartamento-en-venta-en-tunja-centro.e36105e8-78ff-3f86-b271-a14b38821cd2,Venta,Apartamento,3.0,2.0,66m²,,,,220.000.000,"5,534257668412","-73,357803260302","  Los Lanceros, Tunja, Boyacá  ",,,,,
apartamento-en-venta-en-tunja-centro.038d4e38-2b5e-3d3f-ab2c-2a9c249a6dbd,Venta,Apartamento,3.0,2.0,66m²,,,,210.000.000,"5,5328293164298","-73,362720212704","  Centro, Tunja, Boyacá  ",,,,,
apartamento-en-venta-en-tunja-mesopotamia.cea4ae54-f357-3c65-8e58-f888f090f47e,Venta,Apartamento,2.0,1.0,60m²,,,,215.000.000,"5,5463650310644","-73,355552407648","  Mesopotamia, Tunja, Boyacá  ",,,,,
apartamento-en-venta-en-tunja-mesopotamia.c5fef70f-3094-314b-8bd7-9ab65eb1c494,Venta,Apartamento,4.0,4.0,113m²,,,,340.000.000,"5,548","-73,354216615021","  Tunja, Boyacá  ",,,,,
apartamento-en-venta-en-tunja-mesopotamia.85235140-ed0c-3706-9153-e9dfca98ff42,Venta,Apartamento,3.0,2.0,97m²,,,,230.000.000,"5,5494014019448","-73,355579484526","  Mesopotamia, Tunja, Boyacá  ",,,,,
apartamento-en-venta-en-tunja-maldonado.129615f0-471a-32e6-b953-5a70f43eda61,Venta,Apartamento,3.0,2.0,76m²,,,,265.000.000,"5,5407153815506","-73,357214778533","  Maldonado, Tunja, Boyacá  ",,,,,
apartamento-en-venta-en-tunja-los-rosales.5ea3969d-2228-3236-900f-0d14a7bd1bbb,Venta,Apartamento,2.0,2.0,53m²,,,,210.000.000,"5,5538293164298","-73,353947700361","  Tunja, Boyacá  ",,,,,
apartamento-en-venta-en-tunja-las-nieves.e997c46e-794e-3f74-b094-ca85fbdb7db2,Venta,Apartamento,3.0,2.0,73m²,,,,240.000.000,"5,540482252057","-73,357871813967","  Las Nieves, Tunja, Boyacá  ",,,,,
apartamento-en-venta-en-tunja-centro.c655ed36-2a0f-3205-b57a-e9b526c33f7a,Venta,Apartamento,4.0,4.0,182m²,,,,600.000.000,"5,5336018841686","-73,363514447609","  Centro, Tunja, Boyacá  ",,,,,
apartamento-en-venta-en-tunja-viva.6dad36ac-6070-3ed0-b981-906e44a1a309,Venta,Apartamento,3.0,2.0,89m²,,,,410.000.000,"5,5602841809522","-73,343624651264","  Tunja, Boyacá  ",,,,,
apartamento-en-venta-en-tunja-calleja.018fbf16-f524-7e49-ab56-49f4d1ff11f1,Venta,Apartamento,3.0,2.0,50m²,,,,238.000.000,"5,5475716480178","-73,357221948691","  Tunja, Boyacá  ",,,,,
apartamento-en-venta-en-tunja-la-maría.39677f1e-c05a-3710-a73f-25c6881dfb15,Venta,Apartamento,3.0,2.0,86m²,,,,299.000.000,"5,5504283519822","-73,358530666659","  Los Parques, Tunja, Boyacá  ",,,,,
apartamento-en-venta-en-tunja-mesopotamia.eedd15e5-db94-3a7c-8ca7-88edcc452036,Venta,Apartamento,3.0,3.0,94m²,,,,500.000.000,"5,5470387819994","-73,354803280702","  Mesopotamia, Tunja, Boyacá  ",,,,,
apartamento-en-venta-en-tunja-aquimin.018fa557-4a09-75d9-b9c5-894c5d122f9e,Venta,Apartamento,3.0,2.0,66m²,,,,175.000.000,"5,5232004822238","-73,362980145684","  Tunja, Boyacá  ",,,,,
apartamento-en-venta-en-tunja-aquimin---centro.93b4a997-76ba-3250-b6d6-b43d08fd72ab,Venta,Apartamento,3.0,3.0,100m²,,,,320.000.000,"5,5272397017204","-73,364487365655","  San Laureano, Tunja, Boyacá  ",,,,,
apartamento-en-venta-en-tunja-el-dorado.429a3949-c5c2-33d0-a475-3284df6aeab6,Venta,Apartamento,3.0,2.0,76m²,,,,220.000.000,"5,5374907979056","-73,352128186033","  El Dorado, Tunja, Boyacá  ",,,,,
apartamento-en-venta-en-tunja-viva.8ba2b3d2-b4b3-36fa-b822-dceb9395a023,Venta,Apartamento,3.0,2.0,88m²,,,,350.000.002,"5,5553021476438","-73,345379082075","  Tunja, Boyacá  ",,,,,
apartamento-en-venta-en-tunja-unicentro.018fbf16-f9dd-7017-a17e-ffcae20eea7b,Venta,Apartamento,3.0,2.0,103m²,,,,340.000.000,"5,548482252057","-73,347270768317","  Tunja, Boyacá  ",,,,,
apartamento-en-venta-en-tunja-mesopotamia.68d25401-0684-3b57-87d2-6d5a244d72d6,Venta,Apartamento,2.0,1.0,46m²,,,,165.000.000,"5,5464250658688","-73,353422360924","  Mesopotamia, Tunja, Boyacá  ",,,,,
apartamento-en-venta-en-tunja-mesopotamia.ae1a9840-65e1-34a2-ab99-0661cd8e91ed,Venta,Apartamento,3.0,2.0,86m²,,,,253.000.000,"5,5464997812514","-73,354505435048","  Mesopotamia, Tunja, Boyacá  ",,,,,
apartamento-en-venta-en-tunja-esmeralda.f1abe821-ca7e-3971-9ef3-6db0a42675ff,Venta,Apartamento,3.0,2.0,90m²,,,,330.000.000,"5,547281332336","-73,346543382022","  La Esmeralda, Tunja, Boyacá  ",,,,,
apartamento-en-venta-en-tunja-nieves.111c691b-29af-357a-9b30-1d8dd4f10614,Venta,Apartamento,2.0,2.0,50m²,,,,170.000.000,"5,5407337857394","-73,360263568357","  Las Nieves, Tunja, Boyacá  ",,,,,
apartamento-en-venta-en-tunja-nieves.018f1a4b-8536-7d24-8d74-b7bf80ee232f,Venta,Apartamento,2.0,1.0,38m²,,,,140.000.000,"5,5391527168786","-73,360055982127","  Tunja, Boyacá  ",,,,,
apartamento-en-venta-en-tunja-mesopotamia.f9f2467f-e078-39c7-a4b5-1bd91185e4b9,Venta,Apartamento,3.0,3.0,140m²,,,,450.000.000,"5,5474340492146","-73,354740101321","  Tunja, Boyacá  ",,,,,
apartamento-en-venta-en-tunja.9e98d06d-8a71-3e7b-a500-abb95ddda25a,Venta,Apartamento,3.0,3.0,110m²,,,,457.700.000,"5,5655030673648","-73,344952997179","  Santa Rita, Tunja, Boyacá  ",,,,,
apartamento-en-venta-en-tunja-maldonado.29f49ca0-1f71-3bae-9a4a-165ad78f1e97,Venta,Apartamento,3.0,3.0,133m²,,,,315.000.000,"5,5431498682624","-73,359065013024","  Maldonado, Tunja, Boyacá  ",,,,,
apartamento-en-venta-en-tunja-unicentro.25ae987e-9e72-3c58-a6f0-a36e8f2c0560,Venta,Apartamento,3.0,2.0,105m²,,,,390.000.000,"5,5474312005984","-73,346483697426","  Santa Ines, Tunja, Boyacá  ",,,,,
apartamento-en-venta-en-tunja-centro.7ada6785-b24b-3839-a4e6-f42455cd0db5,Venta,Apartamento,3.0,3.0,125m²,,,,320.000.000,"5,5311768182998","-73,365902535089","  Santa Barbara, Tunja, Boyacá  ",,,,,
apartamento-en-venta-en-tunja-barrios-los-rosales.07f3cc8c-fea7-374e-b8cb-5fd585361cc5,Venta,Apartamento,2.0,2.0,71m²,,,,250.000.000,"5,5549252846174","-73,355640825958","  Tunja, Boyacá  ",,,,,
apartamento-en-venta-en-tunja-viva.f27aff6d-2b7e-3471-89cf-4b4fd7894d6d,Venta,Apartamento,3.0,2.0,99m²,,,,435.000.000,"5,5606165647468","-73,341368191175","  Tunja, Boyacá  ",,,,,
apartamento-en-venta-en-tunja-mesopotamia.018fce8a-352d-78b1-b109-6e525995ce69,Venta,Apartamento,3.0,2.0,100m²,,,,400.000.000,"5,525326249065","-73,36496209166","  Tunja, Boyacá  ",,,,,
apartamento-en-venta-en-tunja-remansos-de-la-sabana.46b0ad36-2b3e-3903-8136-b68f97ae623c,Venta,Apartamento,3.0,3.0,113m²,,,,460.000.000,"5,5345569674396","-73,361422373637","  La Duena, Tunja, Boyacá  ",,,,,
apartamento-en-venta-en-tunja-jj-camacho.018fa557-51d9-72a3-9fff-f287db61f0a4,Venta,Apartamento,2.0,2.0,49m²,,,,200.000.000,"5,5583205518326","-73,352577648876","  Tunja, Boyacá  ",,,,,
apartamento-en-venta-en-tunja-amalfi.627394e8-e381-31ce-884f-3cfb5c09fe71,Venta,Apartamento,3.0,2.0,64m²,,,,300.000.000,"5,5659191498878","-73,333258000964","  Tunja, Boyacá  ",,,,,
apartamento-en-venta-en-tunja-in-altezza.5b4a4942-58f2-3e4c-a293-4c09c184ae6f,Venta,Apartamento,3.0,2.0,68m²,,,,225.000.000,"5,5397725677388","-73,350765337305","  Villa Olimpica, Tunja, Boyacá  ",,,,,
apartamento-en-venta-en-tunja-patriotas.b533863e-12d4-3f34-90f3-f6d588df848b,Venta,Apartamento,3.0,2.0,57m²,,,,180.000.000,"5,527853417851","-73,359992783567","  Tunja, Boyacá  ",,,,,
apartamento-en-venta-en-tunja-viva.092b5832-1bc3-3292-af79-96cd1ae7960e,Venta,Apartamento,3.0,2.0,89m²,,,,310.000.000,"5,5605896147094","-73,342649860506","  Tunja, Boyacá  ",,,,,
apartamento-en-venta-en-tunja-la-esmeralda.61fe2e2d-8c64-3c39-886c-553b477cbc91,Venta,Apartamento,2.0,3.0,79m²,,,,350.000.000,"5,542191498878","-73,347655193141","  La Esmeralda, Tunja, Boyacá  ",,,,,
apartamento-en-venta-en-tunja-nieves.51a612b8-4cf1-3a55-b0f6-f88c3a7626ad,Venta,Apartamento,3.0,2.0,74m²,,,,230.000.000,"5,5382964504114","-73,360453101151","  Las Nieves, Tunja, Boyacá  ",,,,,
apartamento-en-venta-en-tunja-centro.f6a6af46-8e47-3bab-bbf8-a55a7764213a,Venta,Apartamento,2.0,1.0,49m²,,,,195.000.000,"5,5337276510098","-73,363523473006","  Centro, Tunja, Boyacá  ",,,,,
apartamento-en-venta-en-tunja-la-florida.077d6d5a-7fae-3d05-a453-3d462a28ad6f,Venta,Apartamento,3.0,2.0,58m²,,,,230.000.000,"5,5166827342808","-73,367891698348","  La Florida, Tunja, Boyacá  ",,,,,
apartamento-en-venta-en-tunja-maría-fernanda.018f0ebf-0ece-7661-9bcf-d720b29d02cf,Venta,Apartamento,3.0,2.0,89m²,,,,330.000.000,"5,5516496495138","-73,351740106341","  Santa Ines, Tunja, Boyacá  ",,,,,
apartamento-en-venta-en-tunja-viva.756d4154-c759-39e5-9ca4-2bced2892a03,Venta,Apartamento,3.0,3.0,156m²,,,,650.000.000,"5,5488411483918","-73,343781536377","  La Esmeralda, Tunja, Boyacá  ",,,,,
apartamento-en-venta-en-tunja-las-quintas.326e42cc-494d-3a79-9ace-075cc2d1f723,Venta,Apartamento,3.0,3.0,108m²,,,,415.000.000,"5,5536316828222","-73,349731083135","  Las Quintas, Tunja, Boyacá  ",,,,,
apartamento-en-venta-en-tunja-la-esmeralda.90b0dcdf-0348-3442-aa25-0f3d4fb8534b,Venta,Apartamento,2.0,3.0,74m²,,,,320.000.000,"5,5414818145598","-73,348657029123","  La Esmeralda, Tunja, Boyacá  ",,,,,
apartamento-en-venta-en-tunja-mesopotamia.6a058586-8d7e-3b19-88c5-b65076b81f19,Venta,Apartamento,3.0,2.0,96m²,,,,290.000.000,"5,5444070991772","-73,355642655555","  La Pradera, Tunja, Boyacá  ",,,,,
apartamento-en-venta-en-tunja-mesopotamia.5b754760-4ac8-3a0f-96e7-fcb927ebd673,Venta,Apartamento,3.0,2.0,72m²,,,,288.000.000,"5,5441167834954","-73,353998162321","  La Pradera, Tunja, Boyacá  ",,,,,
apartamento-en-venta-en-tunja-las-americas.e57485d3-157c-3759-94b4-e54c745f861e,Venta,Apartamento,2.0,2.0,49m²,,,,160.000.000,"5,5267427690852","-73,367205775829","  Las Americas, Tunja, Boyacá  ",,,,,
apartamento-en-venta-en-tunja-mesopotamia.bbb8fb71-68f6-3f9d-9e05-f65249e6715d,Venta,Apartamento,3.0,2.0,71m²,,,,228.000.000,"5,5496798856646","-73,354324922531","  Mesopotamia, Tunja, Boyacá  ",,,,,
apartamento-en-venta-en-tunja-unicentro.6ee39861-f034-33cc-997b-3b55892f391d,Venta,Apartamento,2.0,3.0,85m²,,,,280.000.000,"5,547404250561","-73,34723098033","  Santa Ines, Tunja, Boyacá  ",,,,,
apartamento-en-venta-en-tunja-maldonado.8031e54c-b442-3efb-83c4-e0072330b441,Venta,Apartamento,4.0,4.0,152m²,,,,415.000.000,"5,541460999252","-73,35936285565","  Maldonado, Tunja, Boyacá  ",,,,,
apartamento-en-venta-en-tunja-los-rosales.003bc2f2-6d94-337c-89ff-5a40db6e0715,Venta,Apartamento,3.0,2.0,82m²,,,,250.000.000,"5,5530718667664","-73,35565170354","  Los Rosales, Tunja, Boyacá  ",,,,,
apartamento-en-venta-en-tunja-unicentro.e44f3741-6d07-3cb6-b3df-ca46cfbaaa17,Venta,Apartamento,2.0,2.0,95m²,,,,395.000.000,"5,5456557842434","-73,35114440928","  Remansos de Santa Ines, Tunja, Boyacá  ",,,,,
apartamento-en-venta-en-tunja-unicentro.fbd16fea-7fa4-3a38-9e55-f864c13a22f9,Venta,Apartamento,3.0,4.0,194m²,,,,770.000.000,"5,5453082823734","-73,346564930353","  Remansos de Santa Ines, Tunja, Boyacá  ",,,,,
apartamento-en-venta-en-tunja-unicentro.b2015508-76a0-3608-96df-089b7d902b9d,Venta,Apartamento,3.0,5.0,201m²,,,,850.000.000,"5,5465030673648","-73,348983789884","  Remansos de Santa Ines, Tunja, Boyacá  ",,,,,
apartamento-en-venta-en-tunja-rodeo.7baeb8a9-5ee0-37c5-93b6-2c6f876b4704,Venta,Apartamento,3.0,2.0,56m²,,,,190.000.000,"5,5305810688608","-73,355254521654","  Patriotras, Tunja, Boyacá  ",,,,,
apartamento-en-venta-en-tunja-santa-inés.13796041-1da2-39d3-8819-aa735ef011fb,Venta,Apartamento,3.0,3.0,120m²,,,,450.000.000,"5,551751752431","-73,350783384245","  Santa Inés, Tunja, Boyacá  ",,,,,
apartamento-en-venta-en-tunja-fuente-higueras.5cc71fa4-07fa-35e2-a9f5-e7a8c2540f5c,Venta,Apartamento,3.0,2.0,102m²,,,,270.000.000,"5,534808501122","-73,354379067301","  Fuente Higuera, Tunja, Boyacá  ",,,,,
apartamento-en-venta-en-tunja-centro.bb332530-b84e-3b94-9ba8-1ffed8a3978d,Venta,Apartamento,4.0,3.0,173m²,,,,406.000.000,"5,5314014019448","-73,364431402894","  Santa Barbara, Tunja, Boyacá  ",,,,,
apartamento-en-venta-en-tunja-sector-viva-tunja.5c15a395-5266-3026-b4db-4e24c13ddd32,Venta,Apartamento,3.0,2.0,118m²,,,,507.200.000,"5,5635536813262","-73,345494550362","  Santa Rita, Tunja, Boyacá  ",,,,,
apartamento-en-venta-en-tunja-las-nieves---centro.0190117c-f8c5-7a8e-8fd4-8a5db8bb27b0,Venta,Apartamento,2.0,1.0,41m²,,,,173.460.000,"5,5371375988032","-73,360046954867","  Tunja, Boyacá  ",,,,,
apartamento-en-venta-en-tunja-terrazas-de-santa-ines.09f29ef3-345b-3903-8146-2cfc9d820e76,Venta,Apartamento,3.0,4.0,117m²,,,,450.000.000,"5,5475030673648","-73,349460306139","  Santa Ines, Tunja, Boyacá  ",,,,,
apartamento-en-venta-en-tunja-santa-inés.8019d476-cec1-3009-a920-9993aca25b07,Venta,Apartamento,5.0,5.0,320m²,,,,1.200.000.000,"5,5515749341312","-73,351270770153","  Santa Inés, Tunja, Boyacá  ",,,,,
apartamento-en-arriendo/venta-en-tunja-maldonado.8f9b999c-ebf7-330e-afdf-06612be54fa6,Venta,Apartamento,2.0,1.0,52m²,,,,250.000.000,"5,5392212975316","-73,358442250422","  Las Nieves, Tunja, Boyacá  ",,,,,
apartamento-en-venta-en-tunja-edificio-artek.3462a9cc-6f27-3272-a505-46583ac90022,Venta,Apartamento,2.0,2.0,78m²,,,,320.000.000,"5,5408141983544","-73,351965732149","  Sauces de la Prodera, Tunja, Boyacá  ",,,,,
apartamento-en-venta-en-tunja-los-rosales---uptc.018f2ee4-e0b9-7865-b4a2-b29ff9b08033,Venta,Apartamento,2.0,2.0,60m²,,,,200.000.000,"5,5533981158314","-73,355750989238","  Tunja, Boyacá  ",,,,,
apartamento-en-venta-en-tunja-san-laureano.ae0b8eaf-f16f-32d1-81f1-436d10183e82,Venta,Apartamento,3.0,2.0,102m²,,,,350.000.000,"5,5285092020944","-73,361935013992","  San Laureano, Tunja, Boyacá  ",,,,,
apartamento-en-venta-en-tunja-jj-camacho.0c457b94-a49e-378a-a8a4-6d7c35284063,Venta,Apartamento,2.0,2.0,56m²,,,,210.000.000,"5,555427914485","-73,35227263268","  Los Cristales, Tunja, Boyacá  ",,,,,
apartamento-en-venta-en-tunja-nogal---norte.018f52f1-9dfb-7526-835c-40dcc9ab7440,Venta,Apartamento,2.0,2.0,58m²,,,,239.999.000,"5,569281332336","-73,342981948074","  Los Miuscas, Tunja, Boyacá  ",,,,,
apartamento-en-venta-en-tunja-antonia-santos.24171c7a-e90e-3997-8403-e565d2ce181d,Venta,Apartamento,3.0,1.0,49m²,,,,135.000.000,"5,5171947849914","-73,368027075413","  La Florida, Tunja, Boyacá  ",,,,,
apartamento-en-venta-en-tunja-villas-del-norte---nogal.018ef863-3fa0-76cc-822e-b262d8bf8e43,Venta,Apartamento,2.0,2.0,50m²,,,,158.000.000,"5,5723442157566","-73,345974809001","  Buena Vista, Tunja, Boyacá  ",,,,,
apartamento-en-venta-en-tunja-centro.050ea2d9-f8d1-3e85-8eb1-6044e97b0e70,Venta,Apartamento,4.0,2.0,165m²,,,,260.000.000,"5,5329281332336","-73,361321276222","  Centro Histórico, Tunja, Boyacá  ",,,,,
apartamento-en-venta-en-tunja-la-maria.eb3c02ce-63c7-3a29-8ad5-52e95a4a573f,Venta,Apartamento,2.0,2.0,70m²,,,,240.000.000,"5,5514250658688","-73,360938671457","  La Maria, Tunja, Boyacá  ",,,,,
apartamento-en-venta-en-tunja-centro.74f944f2-27a0-3021-9cba-153348823eec,Venta,Apartamento,4.0,4.0,127m²,,,,340.000.000,"5,5333323837946","-73,361844749228","  Centro Histórico, Tunja, Boyacá  ",,,,,
apartamento-en-venta-en-tunja-norte.500d29b7-66de-38aa-b7da-f1367d658968,Venta,Apartamento,3.0,2.0,76m²,,,,225.000.000,"5,5365087645972","-73,350379069865","  El Dorado, Tunja, Boyacá  ",,,,,
apartamento-en-venta-en-tunja-jj-camacho.9b78a81e-0410-39c1-bf35-b3fbac9ceae8,Venta,Apartamento,2.0,2.0,60m²,,,,200.000.000,"5,5582212975316","-73,359101148781","  Tunja, Boyacá  ",,,,,
apartamento-en-venta-en-tunja-plaza-real.3e5256ce-dbf3-3d18-83da-337853c692ff,Venta,Apartamento,4.0,2.0,131m²,,,,320.000.000,"5,533416082523","-73,364622753422","  Centro, Tunja, Boyacá  ",,,,,
apartamento-en-venta-en-tunja-rosales---uptc.018f8671-4579-760d-ada3-0e4c70a3e0fb,Venta,Apartamento,2.0,2.0,60m²,,,,230.000.000,"5,5544581506358","-73,354963897129","  Tunja, Boyacá  ",,,,,
apartamento-en-venta-en-tunja-mirador-de-la-colina.bef40ece-2f14-3514-a51d-5d594952cfc7,Venta,Apartamento,3.0,2.0,110m²,,,,450.000.000,"5,5446345314384","-73,346458464284","  La Esmeralda, Tunja, Boyacá  ",,,,,
apartamento-en-venta-en-tunja-santa-inés.462bb314-f018-3063-846a-4be0efe49295,Venta,Apartamento,4.0,3.0,131m²,,,,480.000.000,"5,5484907979056","-73,352750977355","  Santa Ines, Tunja, Boyacá  ",,,,,
apartamento-en-venta-en-tunja-fuente-higuera.145a3aed-7220-3f06-a9e5-facdfe396a70,Venta,Apartamento,4.0,2.0,110m²,,,,430.000.000,"5,534763584393","-73,35461372801","  Fuente Higuera, Tunja, Boyacá  ",,,,,
apartamento-en-venta-en-tunja-santa-inés.d86e4bad-c8ba-3621-9ccd-37efb940bfec,Venta,Apartamento,4.0,3.0,148m²,,,,535.000.000,"5,5504222172526","-73,352480207661","  Santa Ines, Tunja, Boyacá  ",,,,,
apartamento-en-venta-en-tunja-santa-ines.bdd0af5a-b4a6-3c2b-9c75-e3cf5540bdf9,Venta,Apartamento,3.0,3.0,114m²,,,,450.000.000,"5,5463082823734","-73,349375390099","  Remansos de Santa Ines, Tunja, Boyacá  ",,,,,
apartamento-en-venta-en-tunja-san-jorge---unicentro.966e888c-1ba6-3e4f-b6b8-4d45fbe91ef3,Venta,Apartamento,3.0,3.0,82m²,,,,360.000.000,"5,5473862838694","-73,34616246099","  La Esmeralda, Tunja, Boyacá  ",,,,,
apartamento-en-arriendo/venta-en-tunja-caminitos-de-oicatá---coeducadores.018fce8a-424b-7763-abec-e39ca517d8ce,Venta,Apartamento,3.0,2.0,70m²,,,,285.000.000,"5,5716255480926","-73,337101173131","  Tunja, Boyacá  ",,,,,
apartamento-en-venta-en-tunja-la-villita.e9d1a3ca-2860-3450-a9d9-2f8cdaf40a58,Venta,Apartamento,4.0,3.0,68m²,,,,280.000.000,"5,535617002244","-73,362685931306","  Centro Histórico, Tunja, Boyacá  ",,,,,
apartamento-en-venta-en-tunja-la-villita.4189edc5-40fe-3937-a7b0-bc93d6b5903d,Venta,Apartamento,3.0,2.0,68m²,,,,295.000.000,"5,5329758985788","-73,362577626363","  Centro Histórico, Tunja, Boyacá  ",,,,,
apartamento-en-venta-en-tunja-la-maría.a7730cb5-5785-3f9b-86a8-fd51e4812dc9,Venta,Apartamento,3.0,2.0,105m²,,,,300.000.000,"5,5348713845426","-73,362072203295","  Centro Histórico, Tunja, Boyacá  ",,,,,
apartamento-en-venta-en-tunja-el-rodeo.2350d666-aeb8-3561-aeb2-e3df64f2fc42,Venta,Apartamento,3.0,2.0,54m²,,,,200.000.000,"5,5347366343556","-73,363561396262","  Centro Histórico, Tunja, Boyacá  ",,,,,
apartamento-en-venta-en-tunja-el-dorado.a424af7d-1694-3336-bce3-50d6c9afb8ed,Venta,Apartamento,4.0,4.0,138m²,,,,450.000.000,"5,5348264678136","-73,361900720469","  Centro Histórico, Tunja, Boyacá  ",,,,,
apartamento-en-venta-en-tunja-hayuelos.1bfc2a91-6b4f-339f-a442-3c2284aa936f,Venta,Apartamento,3.0,2.0,89m²,,,,330.000.000,"5,5353564852158","-73,360276146324","  Centro Histórico, Tunja, Boyacá  ",,,,,
apartamento-en-venta-en-tunja-la-maría.9f64cadd-7e6a-32fd-933d-6fd275770d48,Venta,Apartamento,3.0,2.0,83m²,,,,300.000.000,"5,5503744519074","-73,364056000016","  La Fuente-Calleja-Trigales, Tunja, Boyacá  ",,,,,
apartamento-en-venta-en-tunja-caminitos-de-oicatá-ii.6bcc25ff-9ea5-3c2e-9dc2-0cde71594cc8,Venta,Apartamento,2.0,1.0,51m²,,,,165.000.000,"5,573359333832","-73,337117338121","  Suamox, Tunja, Boyacá  ",,,,,
apartamento-en-venta-en-tunja-colinas-del-zue---muiscas.018fce8a-2343-7238-a037-c02bd59c6ae1,Venta,Apartamento,2.0,1.0,46m²,,,,130.000.000,"5,5716827342808","-73,339751039835","  Tunja, Boyacá  ",,,,,
apartamento-en-arriendo/venta-en-tunja-avium---rodeo.018f1f71-dc28-7b61-83b4-0eb2a3c01d4a,Venta,Apartamento,3.0,2.0,56m²,,,,195.000.000,"5,5304732687112","-73,355209394976","  Tunja, Boyacá  ",,,,,
apartamento-en-venta-en-tunja-san-rafael.fd630bad-4a52-3e04-923b-d7ecb2640917,Venta,Apartamento,2.0,1.0,69m²,,,,199.129.500,"5,5588501317376","-73,356792406377","  San Rafael, Tunja, Boyacá  ",,,,,
apartamento-en-venta-en-tunja-florida-sur.0f4523c8-462e-35f7-aaa9-919030978f6c,Venta,Apartamento,2.0,2.0,60m²,,,,190.000.000,"5,5167905344304","-73,366330349534","  La Florida, Tunja, Boyacá  ",,,,,
apartamento-en-venta-en-tunja-in-altezza.f0c2de21-0743-3e83-b2d9-d914156f979e,Venta,Apartamento,3.0,2.0,76m²,,,,250.000.000,"5,5387933830466","-73,352741919235","  El Dorado, Tunja, Boyacá  ",,,,,
apartamento-en-venta-en-tunja-barrio-obrero---carrera-11.018fc43d-ab48-7224-9750-a4a6b8da8aca,Venta,Apartamento,4.0,2.0,100m²,,,,250.000.000,"5,5197366343556","-73,367126352566","  Obrero, Tunja, Boyacá  ",,,,,
apartamento-en-venta-en-tunja-la-esperanza.c58da321-f791-3f9b-a846-a38d2d862771,Venta,Apartamento,3.0,1.0,56m²,,,,175.000.000,"5,546706835702","-73,365335785836","  El Carmen, Tunja, Boyacá  ",,,,,
apartamento-en-venta-en-tunja-norte.7831eab4-5527-36eb-94bc-a065a9cf64ee,Venta,Apartamento,3.0,2.0,73m²,,,,273.000.000,"5,5323290976812","-73,36218953365","  Centro Histórico, Tunja, Boyacá  ",,,,,
apartamento-en-venta-en-tunja-la-maría.87a9177c-08f9-3985-be97-e13a5b7180bc,Venta,Apartamento,2.0,2.0,68m²,,,,255.000.000,"5,5500808501122","-73,358864615153","  La Maria, Tunja, Boyacá  ",,,,,
apartamento-en-venta-en-tunja-nogal.5b3be0b6-eb23-359b-b117-3ac9c88e474c,Venta,Apartamento,3.0,2.0,64m²,,,,195.000.000,"5,5736529356272","-73,345821365445","  Villa del Norte, Tunja, Boyacá  ",,,,,
apartamento-en-venta-en-tunja-el-nogal.9ab3afb4-7950-3e2b-84ad-9b16a988e3bb,Venta,Apartamento,3.0,2.0,65m²,,,,215.000.000,"5,5698591150834","-73,344568636648","  Villa del Norte, Tunja, Boyacá  ",,,,,
apartamento-en-venta-en-tunja-fuente-higueras---fenix.ad48bee6-c2d0-3006-9b4d-5f2d1d01419f,Venta,Apartamento,3.0,3.0,89m²,,,,230.000.000,"5,5359702013464","-73,353254534378","  Fuente Higuera, Tunja, Boyacá  ",,,,,
apartamento-en-venta-en-tunja-unicentro.286999a9-cc4f-39ab-ac08-9329c29b03c8,Venta,Apartamento,3.0,3.0,116m²,,,,460.000.000,"5,5481078001496","-73,348380920757","  Las Quintas, Tunja, Boyacá  ",,,,,
apartamento-en-venta-en-tunja-nogal.26fbfca3-871d-374d-9d91-355ac9ff1089,Venta,Apartamento,3.0,2.0,65m²,,,,200.000.000,"5,5704458811766","-73,344070322628","  Villa del Norte, Tunja, Boyacá  ",,,,,
venta-de-apartamento-en-tunja.018f0ce0-5dcf-77a8-b33b-0bde8ef3544a,Venta,Apartamento,4.0,3.0,138m²,,,5.0,483.000.000,"5,5402491188234","-73,350081891926","  El Dorado, Tunja, Boyacá  ",2022.0,,,,
venta-de-apartamento-en-tunja.018f0ce0-6aeb-71f4-b0a6-fbd4ec7ae5cd,Venta,Apartamento,4.0,4.0,138m²,,,5.0,477.000.000,"5,5380122657192","-73,34986528032","  El Dorado, Tunja, Boyacá  ",2022.0,,,,
apartamento-en-venta-en-tunja-las-quintas.018f1525-4d55-7ad4-999e-ffa90ac6cc0b,Venta,Apartamento,4.0,4.0,123m²,,,,519.000.000,"5,553326249065","-73,345934965309","  Las Quintas, Tunja, Boyacá  ",,,,,
apartamento-en-venta-en-tunja-las-quintas.244077bb-28ae-332f-b18f-a7385afb9eac,Venta,Apartamento,4.0,5.0,400m²,,,,2.000.000.000,"5,553191498878","-73,350435089117","  Las Quintas, Tunja, Boyacá  ",,,,,
apartamento-en-venta-en-tunja-las-quintas.0b2da104-3a5a-31ab-a7f4-e975d7888db2,Venta,Apartamento,2.0,2.0,68m²,,,,310.000.000,"5,5525569674396","-73,34522379091","  Las Quintas, Tunja, Boyacá  ",,,,,
apartamento-en-venta-en-tunja-florida.1baa4f7e-edd6-379f-91f8-88bc334bf4dc,Venta,Apartamento,3.0,2.0,58m²,,,,195.000.000,"5,5106676162054","-73,36849637839","  Finca San Antonio, Tunja, Boyacá  ",,,,,
apartamento-en-venta-en-tunja-santa-barbara.27df20bc-9c74-3972-a4e0-0461b25a57a7,Venta,Apartamento,2.0,2.0,57m²,,,,180.000.000,"5,531257668412","-73,363045126754","  Centro Histórico, Tunja, Boyacá  ",,,,,
apartamento-en-venta-en-tunja-edificio-santa-luisa-de-marillak.0177eda5-2a3b-38ba-8b2d-6949e33a93ef,Venta,Apartamento,2.0,2.0,55m²,,,,233.943.500,"5,5371286154574","-73,35929966811","  San Juan, Tunja, Boyacá  ",,,,,
apartamento-en-venta-en-tunja-avenida-olimpica---el-cid.905fc142-3bff-3242-a52b-52204770862b,Venta,Apartamento,2.0,2.0,68m²,,,,320.000.000,"5,5412302808774","-73,350736423085","  Sauces de la Prodera, Tunja, Boyacá  ",,,,,
apartamento-en-venta-en-tunja-unicentro---santa-ines-reservado.018ef863-2f20-72be-b37c-2c5064b3f71d,Venta,Apartamento,3.0,3.0,111m²,,,,520.000.000,"5,5444818145598","-73,349375392852","  Unicentro, Tunja, Boyacá  ",,,,,
apartamento-en-venta-en-tunja-san-rafael.c18e8340-2dcd-33a3-9a71-db5ece2d9d85,Venta,Apartamento,4.0,3.0,162m²,,,,446.925.000,"5,560404250561","-73,355258018732","  San Rafael, Tunja, Boyacá  ",,,,,
apartamento-en-venta-en-tunja-san-francisco.1cd72798-debd-3cfc-b7f0-e234a337a9de,Venta,Apartamento,2.0,2.0,56m²,,,,140.000.000,"5,5072543822986","-73,367972924952","  San Francisco, Tunja, Boyacá  ",,,,,
apartamento-en-venta-en-tunja-santa-catalina.452f27cb-9982-31bf-8a76-0c64c26aee44,Venta,Apartamento,3.0,2.0,74m²,,,,278.000.000,"5,5753744519074","-73,341945843852","  Santa Catalina, Tunja, Boyacá  ",,,,,
apartamento-en-venta-en-tunja-jj-camacho---ed.-altos-de-san-luis.018fc43d-b0f4-709c-ab69-3234373d0fce,Venta,Apartamento,2.0,2.0,51m²,,,,195.000.000,"5,5552123141858","-73,351593840634","  Tunja, Boyacá  ",,,,,
apartamento-en-venta-en-tunja-enseguida-al-hospital-san-rafael.f021c949-928e-3eaa-9880-e2e6692d6735,Venta,Apartamento,3.0,2.0,74m²,,,,220.000.000,"5,534628834206","-73,363525294614","  Centro Histórico, Tunja, Boyacá  ",,,,,
apartamento-en-venta-en-tunja-torres-de-san-felipe.76a33e4e-c2f1-3989-af95-2edffded3373,Venta,Apartamento,3.0,2.0,117m²,,,,420.000.000,"5,571775416355","-73,341611882262","  Villa del Norte, Tunja, Boyacá  ",,,,,
apartamento-en-venta-en-tunja-mesopotamia.b0a84a65-3191-31e2-aa03-947a9bd53e8f,Venta,Apartamento,3.0,3.0,102m²,,,,480.000.000,"5,545628834206","-73,356498246275","  Rincon de la Prodera, Tunja, Boyacá  ",,,,,
apartamento-en-venta-en-tunja-santa-helena.e3332f40-bed8-3ea1-a23e-8a88c24203aa,Venta,Apartamento,6.0,6.0,543m²,,,,1.900.000.000,"4,7407125329344","-74,057171269569","  Cantagallo, Bogotá, D.C., Bogotá, D.C.  ",,,,,
apartamento-en-venta-en-tunja-parque-de-los-caciques.da08bd78-8300-32dc-b37e-1d6e385f366e,Venta,Apartamento,3.0,2.0,73m²,,,,248.000.000,"5,5810539000748","-73,334907837988","  Cómbita, Boyacá  ",,,,,
apartamento-en-venta-en-tunja-unicentro-boyacá-98-m2.-3....1i12fxS61OZ,Venta,Apartamento,3.0,2.0,98m²,,,,$380M,,,,,,,,
apartamento-en-venta-en-tunja-la-esmeralda-boyacá-92-m2.-3....1lX1G1gU3e1l,Venta,Apartamento,3.0,2.0,92m²,,,,$330M,,,,,,,,
apartamento-en-venta-en-tunja-la-maría-boyacá-35-m2.-1....1TF1zp1dS1tf,Venta,Apartamento,1.0,1.0,35m²,,,,$145M,,,,,,,,
apartamento-en-venta-en-tunja-uptc---clinica-sanitas-boyacá....610k1QV1b1sH,Venta,Apartamento,3.0,2.0,84m²,,,,$375M,,,,,,,,
apartamento-en-venta-en-tunja-boyac-65-m2.-2-habitaciones.1S1-1R1D1D1H1yH,Venta,Apartamento,2.0,2.0,65m²,,,,$239M,,,,,,,,
apartamento-en-venta-en-tunja-boyac-42-m2.-2-habitaciones.H1VWcd1yoQ,Venta,Apartamento,2.0,1.0,42m²,,,,$178M,,,,,,,,
apartamento-en-venta-en-tunja-el-rodeo-boyac-55-m2.-3....1f01D18WJn1m,Venta,Apartamento,3.0,2.0,55m²,,,,$192M,,,,,,,,
apartamento-en-venta-en-tunja-centro-boyacá-38-m2.-1....1h1LU1GJ1ZZA,Venta,Apartamento,1.0,1.0,38m²,,,,$150M,,,,,,,,
apartamento-en-venta-en-tunja-mesopotamia-boyacá-117-m2.-3....-q-Q1p1MTD,Venta,Apartamento,3.0,2.0,117m²,,,,$450M,,,,,,,,
apartamento-en-venta-en-tunja-coeducadores-boyacá-102-m2.-4....11AEe181G1p1M,Venta,Apartamento,4.0,2.0,102m²,,,,$330M,,,,,,,,
apartamento-en-venta-en-tunja-unicentro-boyacá-52-m2.-2....1eg1Xi1U1r1r19,Venta,Apartamento,2.0,2.0,52m²,,,,$220M,,,,,,,,
apartamento-en-venta-en-tunja-norte-boyacá-80-m2.-3....1HWBfaX1-U,Venta,Apartamento,3.0,2.0,80m²,,,,$195M,,,,,,,,
apartamento-en-venta-en-tunja-mesopotamia-boyacá-34-m2.-1....1awA141Bpvx,Venta,Apartamento,1.0,1.0,34m²,,,,$130M,,,,,,,,
apartamento-en-venta-en-tunja-maldonado---glorieta-norte....1k1kj18ekg1m,Venta,Apartamento,3.0,2.0,101m²,,,,$320M,,,,,,,,
apartamento-en-venta-en-tunja-boyac-93-m2.-4-habitaciones.cY1SL1vH1lJ,Venta,Apartamento,4.0,,93m²,,,,$430M,,,,,,,,
apartamento-en-venta-tunja-boyaca.7fc34eb1-99f7-319b-a516-796c80b9e4cc,Venta,Apartamento,3.0,3.0,88m²,,,4.0,230.000.000,"5,5274232339068","-73,361314367367","  El Consuelo, Tunja, Boyacá  ",2017.0,,88 m²,,
vendo-apartamento-en-tunja-boyaca.f2e59401-8c11-3e7a-9924-3809a50787ae,Venta,Apartamento,3.0,2.0,103m²,,,,350.000.000,"5,5510720514586","-73,34537120341","  Las Quintas, Tunja, Boyacá  ",2010.0,,103 m²,,
"vendo-apartamento-en-tunja-boyaca,-remanso-de-la-sabana.bb5c9002-0a42-3ee7-babe-07933b76a78b",Venta,Apartamento,3.0,3.0,112m²,,,,455.000.000,"5,5452528675144","-73,356049729059","  Los Parques, Tunja, Boyacá  ",2022.0,,112 m²,,
venta/permuta-apartamento-tunja-boyaca-barrio-maldonado.f363529c-3d99-3d24-b61f-b2e103a75a4e,Venta,Apartamento,2.0,2.0,63m²,,,4.0,250.000.000,"5,540415666916","-73,356876025507","  San Juan, Tunja, Boyacá  ",2015.0,,63 m²,,
"vendo-hermoso-apartamento-en-tunja,-precio-negociable.18d4f350-dde1-3b27-b543-c2e25f92469a",Venta,Apartamento,3.0,2.0,79m²,,,5.0,380.000.000,"5,5430160144102","-73,355815064122","  Los Parques, Tunja, Boyacá  ",2023.0,,,,
vendo-apartamento-portal-de-la-unad-tunja.a42180e9-c3d7-4f37-a8d9-f03d0bf9ed13,Venta,Apartamento,3.0,2.0,73m²,73m²,1.0,3.0,158.000.000,"5,5278833","-73,3519163","  URBANIZACIÓN PORTAL DE LA UNAD, Calle 17 D # 1A-70, Tunja, Boyacá, Colombia  Manzanares, Tunja, Boyacá  ",,,,,
"apartamento-duplex,-edificio-altezza,-tunja.61f00993-8e31-3a10-89d2-ac18636a5960",Venta,Apartamento,3.0,2.0,138m²,,,3.0,531.000.000,"5,5449294670656","-73,358188790215","  Los Parques, Tunja, Boyacá  ",2019.0,,138 m²,,
apartamentos-en-reserva-del-bosque-tunja:-tu-nuevo-comienzo.57a6a6fe-0d6d-3287-a2a8-ec025b837884,Venta,Apartamento,2.0,2.0,53m²,,,5.0,240.000.000,"5,5574156480178","-73,342636200449","  Tunja, Boyacá  ",2023.0,,,,
"apartamento-2802,-edificio-in-altezza,-tunja.ea6515ed-3e1d-38e8-8feb-0e79baa0fe3c",Venta,Apartamento,3.0,3.0,138m²,,,3.0,477.000.000,"5,5551027857394","-73,345035431809","  La Esmeralda, Tunja, Boyacá  ",2020.0,,,,
venta-apto---elegancia-familiar:-descubre-argami-en-tunja.018f3a99-5477-7d96-8ae4-f8993bd66939,Venta,Apartamento,4.0,3.0,87m²,,,5.0,295.000.000,"5,5645247812514","-73,33277885566","  Tunja, Boyacá  ",2021.0,,,,
apto-en-venta-cerca-a-la-villa-olímpica:-sargon-plaza-tunja.7de3f936-c38d-3187-b3fe-580b3a6f8ae3,Venta,Apartamento,2.0,2.0,70m²,,,5.0,234.000.000,"5,5458032687112","-73,354206951641","  La Pradera, Tunja, Boyacá  ",2010.0,,,,
apartamento-en-venta---edificio-vivente-5-piso---tunja.-norte.9bd00906-a211-3c32-8caa-b3cb9a13e1c5,Venta,Apartamento,3.0,2.0,88m²,,,5.0,325.000.000,"5,5449959023188","-73,349763459978","  La Esmeralda, Tunja, Boyacá  ",2019.0,,,,
venta-apartamento-en-altos-de-rosa-blanca-girardot.018f654e-382b-74cf-9c3a-5e4c6b0bd3d2,Venta,Apartamento,3.0,1.0,94m²,,,4.0,280.000.000,"5,544159165046","-73,35516731795","  Glorieta, Tunja, Boyacá  ",2018.0,,94 m²,,
apartamento-por-la-uco-para-venta.018fb295-0ee9-781d-b267-c367c22b3e93,Venta,Apartamento,2.0,2.0,69m²,,,5.0,400.000.000,"5,5681216313636","-73,338863713104","  Tunja, Boyacá  ",2019.0,,,,
apartamento---barrio-los-cristales.018f0dd4-62ca-7667-b080-541374977fb6,Venta,Apartamento,2.0,2.0,66m²,,,4.0,200.000.000,"5,5544127857394","-73,353919882523","  Pozo Donato, Tunja, Boyacá  ",2005.0,,,,
vendo-apartamento-en-obra-negra---sobre-av.-oriental---cerca-a-los-hongos.f6c4744f-0ecf-4358-9134-22cdf2f10972,Venta,Apartamento,4.0,3.0,127m²,127m²,1.0,3.0,140.000.000,"5,5160457","-73,3683401","  Edificio San Diego, Tunja, Boyacá, Colombia  Tunja, Boyacá  ",,,,,
apartamento-en-venta---edificio-innalteza---piso-22.68890ab5-1dfc-31d9-a4e7-068caa7844f6,Venta,Apartamento,3.0,2.0,76m²,,,5.0,215.000.000,"5,5396154844678","-73,349916635957","  Villa Olimpica, Tunja, Boyacá  ",2017.0,,,,
vendo-apartamento-caminitos-de-oicata-i.c39c03c5-7b53-4f1c-8185-a604129538da,Venta,Apartamento,3.0,2.0,67m²,67m²,4.0,3.0,200.000.000,"5,5719151","-73,3354944","  Conjunto Caminitos De Oicatá 1, Cra. 73a, Tunja, Boyacá, Colombia  Suamox, Tunja, Boyacá  ",,,,,
apartamento-en-edificio-milan.018f3a9a-9927-7245-9ecf-6487bf877383,Venta,Apartamento,3.0,2.0,104m²,,,5.0,340.000.000,"5,5505620355524","-73,346281102562","  Tunja, Boyacá  ",2009.0,,,,
excelente-apartamento-duplex-+-local-comercial.018fbce9-4085-7ca1-90e6-033282b6245f,Venta,Casa,3.0,4.0,240m²,,,5.0,690.000.000,"5,5521901150834","-73,34808855779","  Tunja, Boyacá  ",2024.0,,94 m²,,
excelente-apartamento-amalfi.018ff063-61ac-758b-8da2-25b1aefb00fe,Venta,Apartamento,4.0,3.0,93m²,,,5.0,392.000.000,"5,5644718486162","-73,333746016044","  Las Quintas, Tunja, Boyacá  ",2018.0,,,,
vendo-ecpectacular-apartamento-en-tunja.-151-m2.12923f4f-2664-3e83-93e3-1f616cf5ad9f,Venta,Apartamento,3.0,3.0,151m²,,,3.0,480.000.000,"5,8367808849166","-73,040980642039","  Colombia, Duitama, Boyacá  ",2019.0,,,,
"vendo-apartamento-en-tunja-boyaca,-remanso-de-la-sabana.q1F1k4s3rK",Venta,Apartamento,3.0,2.0,112m²,,,,$460M,,,,2022.0,,,Sí,
proyecto-de-vivienda-en-una-de-las-mejores-zonas-de-tunja....1PGP1lw1Cnj,Venta,Apartamento,2.0,1.0,70m²,,,,$199M,,,,2025.0,,,Sí,
proyecto-de-vivienda-en-una-de-las-mejores-zonas-de-tunja....1ZHGBc1RF1Y,Venta,Apartamento,3.0,2.0,110m²,,,,$325M,,,,2025.0,,,Sí,
proyecto-de-vivienda-en-una-de-las-mejores-zonas-de-tunja....pdzF1M1wj13,Venta,Apartamento,3.0,2.0,92m²,,,,$271M,,,,2025.0,,,Sí,
"apartamento-en-venta-buena-vista,-tunja-boyacá.pr111tz131gJ",Venta,Apartamento,2.0,2.0,68m²,,,,$300M,,,,2015.0,,,Sí,
"apartamento-en-venta,-norte-tunja-cerca-universidad-boyaca.vN91S1OO1El",Venta,Apartamento,3.0,2.0,78m²,,,,$286M,,,,,,,,
apartamento-en-venta-en-tunja-v66693.m1D3sx1G1o10,Venta,APARTAMENTO,2.0,2.0,50m²,,,,$160M,,,,2010.0,,,,CENTRO
venta-de-apartamento-en-los-cristales-tunja.1_1l1B1ZWC1F1o,Venta,Apartamento,3.0,3.0,83m²,,,,$270M,,,,2010.0,,,Sí,
venta-apartamento-en-la-florida---tunja.q1q1_v16Vt17,Venta,Apartamento,3.0,1.0,62m²,,,,$130M,,,,2001.0,,,,
venta-de-apartamento-en-ciudad-hayuelos-tunja.B1XPq17e71N,Venta,Apartamento,3.0,2.0,93m²,,,,$435M,,,,2017.0,,,Sí,
venta-de-apartamento-ubicado-en-el-centro-de-tunja.1T1i8GI1Uc1f,Venta,Apartamento,2.0,2.0,68m²,,,,$250M,,,,2002.0,,,,
venta-de-apartamento-en-el-rincon-de-la-pradera-tunja.x1sf1gt1VDb,Venta,Apartamento,4.0,3.0,117m²,,,,$440M,,,,2014.0,,,Sí,
venta-de-lote-via-tunja---paipa.1b4JIb1MO13,Venta,Terreno o Lote,,,28.800m²,,,,$570M,,,,2023.0,,,,
venta-apartamento-caminitos-oicata-tunja.1rq1Gz141J31b,Venta,Apartamento,2.0,1.0,38m²,,,,$215M,,,,2015.0,,,Sí,
venta-apartamento-en-urbanizacion-la-esperanza-ii-de-tunja.dyu01m1n1y,Venta,Apartamento,3.0,1.0,64m²,,,,$170M,,,,2003.0,,,Sí,
"apartamento-en-venta,-tunja.1ji1y1p1j1s11Y",Venta,Apartamento,3.0,1.0,59m²,,,,$145M,,,,,,,,
apartamento-en-venta-en-tunja-v113229.0n1A1V1sEa1I,Venta,APARTAMENTO,3.0,2.0,65m²,,,,$210M,,,,2010.0,,,,CENTRO
"apartamento-en-venta,-tunja.1vtB1T121ZzS",Venta,Apartamento,2.0,2.0,52m²,,,,$235M,,,,,,,,
local-en-venta-en-tunja-v66625.F1Yo1A1R151p1I,Venta,LOCAL,,,2.904m²,,,,$260M,,,,2019.0,,,,CENTRO
"apartamento-en-venta,-tunja.g1rk_1u1Q141k",Venta,Apartamento,2.0,2.0,52m²,,,,$215M,,,,,,,,
apartamento-en-venta-en-tunja-v33090.0PL1q1E1yd8,Venta,APARTAMENTO,3.0,4.0,201m²,,,,$753M,,,,2023.0,,,Sí,CENTRO
apartamento-en-venta-en-tunja-v78294.1kA1O131tr61o,Venta,APARTAMENTO,6.0,6.0,543m²,,,,$1.900M,,,,2011.0,,,Sí,CENTRO
apartamento-en-venta-en-tunja-v106323.1tc1ue1X1Z1zh,Venta,APARTAMENTO,3.0,2.0,61m²,,,,$218M,,,,2012.0,,,Sí,CENTRO
apartamento-en-venta-en-tunja-v114217.01H101qyK1T9,Venta,APARTAMENTO,3.0,2.0,55m²,,,,$170M,,,,2015.0,,,,CENTRO
apartamento-en-venta-en-tunja-v114167.1A1261p1qF1HY,Venta,APARTAMENTO,3.0,2.0,72m²,,,,$280M,,,,2010.0,,,Sí,CENTRO
apartamento-en-venta-en-tunja-v112496.1m1i1tv1J16G1_,Venta,APARTAMENTO,2.0,2.0,50m²,,,,$145M,,,,2010.0,,,Sí,CENTRO
apartamento-en-venta-en-tunja-v66935.M1o1DCVsQW,Venta,APARTAMENTO,3.0,1.0,57m²,,,,$192M,,,,2015.0,,,Sí,CENTRO
apartamento-en-venta-en-tunja-v112573.S1o1t6S1R1W1E,Venta,APARTAMENTO,3.0,2.0,101m²,,,,$350M,,,,2010.0,,,Sí,CENTRO
apartamento-en-venta-en-tunja-v109766.T161c10T0Y7,Venta,APARTAMENTO,2.0,1.0,48m²,,,,$90M,,,,2010.0,,,Sí,CENTRO
apartamento-en-venta-en-tunja-v108316.t1S21Vg1314h,Venta,APARTAMENTO,3.0,2.0,72m²,,,,$260M,,,,2010.0,,,Sí,CENTRO
"apartamento-en-venta,-tunja.1m1U141ti1u1j-",Venta,Apartamento,3.0,2.0,6.575m²,,,,$240M,,,,,,,,
apartamento-en-venta-en-tunja-v113102.1S15sGL1Lj1z,Venta,APARTAMENTO,3.0,2.0,95m²,,,,,,,,2010.0,,,Sí,CENTRO
"apartamento-en-venta,-tunja.q1J13Xd1Zc19",Venta,Apartamento,3.0,2.0,7.653m²,,,,$232M,,,,,,,,
vendo-tunja-los-muiscas-piso-alto-balcones-vista-panoramica....y1AW1y1CU1sg,Venta,Apartamento,3.0,2.0,116m²,,,,$515M,,,,2019.0,,,Sí,
apartamento-en-venta-en-tunja-v115487.OT1czu1ow1N,Venta,APARTAMENTO,3.0,2.0,67m²,,,,$180M,,,,2004.0,,,Sí,CENTRO
"apartamentos,-venta,-tunja.Q171u1O61B1F9",Venta,,4.0,3.0,137m²,,,,$483M,,,,,,,,
apartamento-en-venta-en-tunja-v82633.t1s1A1q1J1u1wN,Venta,APARTAMENTO,3.0,2.0,58m²,,,,$210M,,,,2023.0,,,,CENTRO
venta-aparta-estudio-ubicado-en-el-centro-de-tunja.1K1oyB1Q1dkX,Venta,Apartamento,1.0,1.0,35m²,,,,$115M,,,,2015.0,,,,
"apartamentos,-venta,-tunja.1--xFsRtw",Venta,,4.0,3.0,137m²,,,,$477M,,,,,,,,
apartamento-en-venta-en-tunja-v66814.161j1pHmjR1t,Venta,APARTAMENTO,3.0,3.0,102m²,,,,$415M,,,,2023.0,,,,CENTRO
apartamento-en-venta-en-tunja-v66876.rWf1g1k181QE,Venta,APARTAMENTO,3.0,2.0,73m²,,,,$250M,,,,2021.0,,,Sí,CENTRO
ganga-vendo-apto-3-hab-3-baños-a3-cuadras-plaza-bolivar-de....13MG1w191U1vC,Venta,Apartamento,3.0,3.0,90m²,,,,$219M,,,,2018.0,,,Sí,
"apartamento-en-venta,-los-muiscas-ventus-multifamiliar.171W-1Ppn5P",Venta,Apartamento,1.0,1.0,3.972m²,,,,$175M,,,,,,,,
"apartamento-en-venta,-conjunto-residencial-fenix.1u1MO1X1z161G",Venta,Apartamento,3.0,2.0,70m²,,,,$170M,,,,,,,,
apartamento-en-venta.n161iU1-171nk,Venta,Apartamento en Venta,3.0,2.0,100m²,,,,$340M,,,,,,,,
apartamento-en-venta.1t11J1tB10G1H,Venta,Apartamento en Venta,2.0,2.0,56m²,,,,$270M,,,,,,,,
apartamento-en-venta.1z19121HDU0N,Venta,Apartamento en Venta,3.0,3.0,127m²,,,,$360M,,,,,,,,
apartamento-en-venta.v1Y1wQ1P1M1ZP,Venta,Apartamento en Venta,2.0,2.0,70m²,,,,$160M,,,,,,,,
apartamento-en-venta.1fhjfc1Q1X1t,Venta,Apartamento en Venta,2.0,2.0,51m²,,,,$240M,,,,,,,,
apartamento-de-2-habitaciones-en-venta---barrio-mesopotamia.fM1tE4U1F1S,Venta,Apartamento,2.0,2.0,74m²,,,,$229M,,,,2005.0,,,Sí,
venta-de-apartamento-en-avium.1vI1M1Gclul,Venta,Apartamento,3.0,2.0,54m²,,,,$210M,,,,2019.0,,,Sí,
"apartamento-en-venta,-quintas.Ooo1D1WvS1D",Venta,Apartamento,1.0,1.0,22m²,,,,$150M,,,,,,,,
apartamento-en-venta.p1noGZ1vk15,Venta,Apartamento en Venta,2.0,1.0,37m²,,,,$160M,,,,,,,,
apartamento-en-venta.1u31XFok1x1q,Venta,Apartamento en Venta,3.0,2.0,56m²,,,,$155M,,,,,,,,
apartamento-en-venta.1_q1iIcYyO,Venta,Apartamento en Venta,2.0,2.0,78m²,,,,$300M,,,,,,,,
apartamento-en-venta.J15T1zRE1H0,Venta,Apartamento en Venta,3.0,1.0,60m²,,,,$130M,,,,,,,,
apartamento-en-venta.1zv1G1s1J13EN,Venta,Apartamento en Venta,3.0,1.0,102m²,,,,$230M,,,,,,,,
apartamento-en-venta.I1UEiB1yJ1D,Venta,Apartamento en Venta,2.0,2.0,50m²,,,,$200M,,,,,,,,
apartamento-en-venta.1z491zr5eP,Venta,Apartamento en Venta,3.0,2.0,61m²,,,,$225M,,,,,,,,
apartamento-en-venta.1FZ1Cn1x1c1q_,Venta,Apartamento en Venta,3.0,2.0,80m²,,,,$356M,,,,,,,,
apartamento-en-venta.LxM1M1TA12D,Venta,Apartamento en Venta,2.0,2.0,46m²,,,,$240M,,,,,,,,
apartamento-en-venta.1wH6J1K1m14d,Venta,Apartamento en Venta,3.0,3.0,106m²,,,,$420M,,,,,,,,
apartamento-en-venta.R1kk1Q1y713W,Venta,Apartamento en Venta,3.0,2.0,100m²,,,,$390M,,,,,,,,
apartamento-en-venta.X1Q1o1I1H1717G,Venta,Apartamento en Venta,4.0,3.0,167m²,,,,$550M,,,,,,,,
apartamento-en-venta.1umf010iB1X,Venta,Apartamento en Venta,3.0,2.0,97m²,,,,$340M,,,,,,,,
"apartamento-en-venta,-las-nieves.5u1Bk1M19171F",Venta,Apartamento,2.0,2.0,48m²,,,,$170M,,,,,,,,
apartamento-en-venta.hP1981P1a-1p,Venta,Apartamento en Venta,3.0,2.0,117m²,,,,$340M,,,,,,,,
"apartamento-en-venta,-asis.nJo1Zn7121q",Venta,Apartamento,3.0,2.0,67m²,,,,$200M,,,,,,,,
apartamento-en-venta.1h1T1_1SBn1CM,Venta,Apartamento en Venta,4.0,3.0,120m²,,,,$550M,,,,,,,,
apartamento-en-venta.1l1p05dL-i,Venta,Apartamento en Venta,3.0,2.0,85m²,,,,$250.000M,,,,,,,,
apartamento-en-venta.TOXZk1V19Z,Venta,Apartamento en Venta,2.0,1.0,52m²,,,,$260M,,,,,,,,
apartamento-en-venta.u1oW1dLWjh,Venta,Apartamento en Venta,3.0,2.0,110m²,,,,$460M,,,,,,,,
apartamento-en-venta.1sl16T7y1R1d,Venta,Apartamento en Venta,3.0,2.0,63m²,,,,$240M,,,,,,,,
apartamento-en-venta._1Q1DR15HU13,Venta,Apartamento en Venta,,,54m²,,,,$195M,,,,,,,,
apartamento-en-venta.a121p1WI1lT3,Venta,Apartamento en Venta,3.0,2.0,64m²,,,,$140M,,,,,,,,
apartamento-en-venta.m131T1W1D1N1Y1r,Venta,Apartamento en Venta,3.0,2.0,62m²,,,,$165M,,,,,,,,
apartamento-en-venta.1L1i1cO1h1C1t1P,Venta,Apartamento en Venta,3.0,2.0,74m²,,,,$270M,,,,,,,,
apartamento-en-venta.1_hzK31QKs,Venta,Apartamento en Venta,3.0,1.0,66m²,,,,$140M,,,,,,,,
apartamento-en-venta.1w1x1jgf1S1a1D,Venta,Apartamento en Venta,2.0,2.0,55m²,,,,$185M,,,,,,,,
apartamento-en-venta.5U1Aph1o1u1_,Venta,Apartamento en Venta,2.0,2.0,59m²,,,,$175M,,,,,,,,
apartamento-en-venta.A13D81I1a1kL,Venta,Apartamento en Venta,3.0,2.0,92m²,,,,$400M,,,,,,,,
apartamento-en-venta.yE1w141J1D1N5,Venta,Apartamento en Venta,3.0,2.0,76m²,,,,$330M,,,,,,,,
apartamento-en-venta.1m1b1i1gz1e1Cg,Venta,Apartamento en Venta,3.0,1.0,56m²,,,,$160M,,,,,,,,
apartamento-en-venta.1Oo1jZ0141P1Y,Venta,Apartamento en Venta,2.0,1.0,60m²,,,,$170M,,,,,,,,
apartamento-en-venta.1j7I-n1JTQ,Venta,Apartamento en Venta,2.0,2.0,52m²,,,,$245M,,,,,,,,
apartamento-en-venta.LxS1b1fK1n1l,Venta,Apartamento en Venta,3.0,1.0,62m²,,,,$120M,,,,,,,,
apartamento-en-venta.T1U1M1b31ElA,Venta,Apartamento en Venta,3.0,2.0,81m²,,,,$250M,,,,,,,,
apartamento-en-venta.tM1uew1Fo1Z,Venta,Apartamento en Venta,2.0,1.0,40m²,,,,$152M,,,,,,,,
apartamento-en-venta.z51Kx1Roy1r,Venta,Apartamento en Venta,2.0,2.0,52m²,,,,$240M,,,,,,,,
apartamento-en-venta.1O13u1r1g1Me1l,Venta,Apartamento en Venta,2.0,2.0,52m²,,,,$235M,,,,,,,,
apartamento-en-venta.1Zyg1F1N1N1RA,Venta,Apartamento en Venta,3.0,1.0,48m²,,,,$140M,,,,,,,,
apartamento-en-venta.-1w1w1r16Aa10,Venta,Apartamento en Venta,3.0,2.0,69m²,,,,$150M,,,,,,,,
apartamento-en-venta.18l1v1kV1ru1f,Venta,Apartamento en Venta,4.0,4.0,126m²,,,,$340M,,,,,,,,
"apartamento-en-venta,-las-nieves.1GqJqc1mqE",Venta,Apartamento,2.0,1.0,75m²,,,,$230M,,,,,,,,
apartamento-en-venta.1L1131W1fwRX,Venta,Apartamento en Venta,3.0,2.0,91m²,,,,$305M,,,,,,,,
apartamento-en-venta.NJw8l1aQc,Venta,Apartamento en Venta,3.0,3.0,126m²,,,,$550M,,,,,,,,
"apartamento-en-venta,-los-cristales.1u1N1RjY1AK11",Venta,Apartamento,2.0,2.0,57m²,,,,$215M,,,,,,,,
"apartamento-en-venta,-mirador-de-la-colina.n1A1JF1uSv",Venta,Apartamento,3.0,2.0,124m²,,,,$500M,,,,,,,,
"apartamento-en-venta,-unicentro.1NMP21z1O1814",Venta,Apartamento,3.0,2.0,92m²,,,,$280M,,,,,,,,
diagonal-67-no-1a-74-apto.-1506-parqueadero-169-edf-ventus.1OT1DF1w1N1g1e,Venta,Apartamento,3.0,2.0,,,,,$302M,,,,,,,,
venta-de-apartamento-torres-de-sion.1hV1G1Kb1z1_1P,Venta,Apartamento,2.0,2.0,64m²,,,,$220M,,,,2019.0,,,Sí,
apartamento-en-venta.1mH1v11B1V1ig,Venta,Apartamento en Venta,3.0,3.0,82m²,,,,$245M,,,,,,,,
apartamento-en-venta.Y7a1NA1Uh1f,Venta,Apartamento en Venta,2.0,2.0,49m²,,,,$160M,,,,,,,,
apartamento-en-venta.21t_O1LL8U,Venta,Apartamento en Venta,2.0,2.0,73m²,,,,$174M,,,,,,,,
"apartamento-en-venta,-los-muiscas.f1n1c1-X1Vx1w",Venta,Apartamento,1.0,1.0,26m²,,,,$100M,,,,,,,,
"apartamento-en-venta,-coeducadores.1u4h1y1zeTd",Venta,Apartamento,1.0,1.0,3.158m²,,,,$113M,,,,,,,,
"apartamento-en-venta,-los-muiscas.12n8p1w5P1-",Venta,Apartamento,2.0,1.0,42m²,,,,$143M,,,,,,,,
apartamento-en-venta.Dui1T1d1c31r,Venta,Apartamento en Venta,3.0,2.0,60m²,,,,$200M,,,,,,,,
apartamento-en-venta.I121IozAb1T,Venta,Apartamento en Venta,3.0,2.0,60m²,,,,$170M,,,,,,,,
apartamento-en-venta.E1s14pU1yy1C,Venta,Apartamento en Venta,1.0,1.0,34m²,,,,$145M,,,,,,,,
apartamento-en-venta.15XDS1NGlj,Venta,Apartamento en Venta,3.0,2.0,99m²,,,,$400M,,,,,,,,
apartamento-en-venta.qz1Ac1jr13o,Venta,Apartamento en Venta,3.0,2.0,72m²,,,,$210M,,,,,,,,
apartamento-en-venta.12151tY1mV1E1n,Venta,Apartamento en Venta,3.0,2.0,56m²,,,,$190M,,,,,,,,
apartamento-en-venta.171f9av1h1d1Z,Venta,Apartamento en Venta,2.0,2.0,89m²,,,,$230M,,,,,,,,
apartamento-en-venta.aJx1LnPsH,Venta,Apartamento en Venta,3.0,2.0,90m²,,,,$360M,,,,,,,,
apartamento-en-venta.c1uet1IN1H-,Venta,Apartamento en Venta,3.0,3.0,120m²,,,,$485M,,,,,,,,
apartamento-en-venta.hz1fe1mwMw,Venta,Apartamento en Venta,3.0,2.0,50m²,,,,$190M,,,,,,,,
apartamento-en-venta.L1sm1rP1r1Wx,Venta,Apartamento en Venta,3.0,2.0,55m²,,,,$185M,,,,,,,,
apartamento-en-venta.Dd11131J1s1tN,Venta,Apartamento en Venta,3.0,3.0,102m²,,,,$460M,,,,,,,,
apartamento-en-venta.F1d1i-qK1W11,Venta,Apartamento en Venta,3.0,2.0,98m²,,,,$350M,,,,,,,,
apartamento-en-venta.uB1yH1pMp14,Venta,Apartamento en Venta,2,1,37m²,,,,$150M,,,,,,,,
apartamento-en-venta.hPy1cH1g1A_,Venta,Apartamento en Venta,3,2,62m²,,,,$195M,,,,,,,,
apartamento-en-venta.1G1ag1G1161_1D,Venta,Apartamento en Venta,3,2,62m²,,,,$160M,,,,,,,,
apartamento-en-venta.1K1g1e1zWDS1Y,Venta,Apartamento en Venta,4,2,97m²,,,,$400M,,,,,,,,
apartamento-en-venta.1O1WH1p1PPi1I,Venta,Apartamento en Venta,3,2,50m²,,,,$180M,,,,,,,,
apartamento-en-venta.1m131VzH4Iv,Venta,Apartamento en Venta,3,2,80m²,,,,$285M,,,,,,,,
apartamento-en-venta.1q1d21W1m1qr7,Venta,Apartamento en Venta,2,1,61m²,,,,$150M,,,,,,,,
apartamento-en-venta.1C1l6tZ1TMa,Venta,Apartamento en Venta,3,2,67m²,,,,$300M,,,,,,,,
apartamento-en-venta.1b1q1h1Ke1c1rB,Venta,Apartamento en Venta,3,2,52m²,,,,$180M,,,,,,,,
apartamento-en-venta.Po1aE1vX1j5,Venta,Apartamento en Venta,3,1,66m²,,,,$170M,,,,,,,,
apartamento-en-venta.1_1K10_1ea18S,Venta,Apartamento en Venta,3,2,110m²,,,,$395M,,,,,,,,
apartamento-en-venta.r1UXQ1Jy1D1U,Venta,Apartamento en Venta,2,2,107m²,,,,$410M,,,,,,,,
apartamento-en-venta.17Kx124w1T,Venta,Apartamento en Venta,3,2,,,,,$230M,,,,,,,,
apartamento-en-venta._q1a1I71om15,Venta,Apartamento en Venta,4,5,240m²,,,,$650M,,,,,,,,
"apartamento-en-venta,-universidad-juan-castellanos-centro._k_13Ov1A12",Venta,Apartamento,2,2,5.526m²,,,,$185M,,,,,,,,
apartamento-en-venta.E18bnUv1T19,Venta,Apartamento en Venta,2,3,110m²,,,,$458M,,,,,,,,
apartamento-en-venta.Q1IP1Im1n_14,Venta,Apartamento en Venta,3,2,65m²,,,,$210M,,,,,,,,
apartamento-en-venta.1w1v_1LR10z1N,Venta,Apartamento en Venta,3,2,81m²,,,,$285M,,,,,,,,
apartamento-en-venta.1v1a1i1h1Ler1D,Venta,Apartamento en Venta,3,5,200m²,,,,$850M,,,,,,,,
apartamento-en-venta.5W8jGX1-Y,Venta,Apartamento en Venta,3,2,65m²,,,,$220M,,,,,,,,
apartamento-en-venta.91SnVk1bg11,Venta,Apartamento en Venta,3,3,115m²,,,,$320M,,,,,,,,
apartamento-en-venta.Nh1xMbbF9,Venta,Apartamento en Venta,2,2,75m²,,,,$260M,,,,,,,,
apartamento-en-venta.VGH61Ql1MM,Venta,Apartamento en Venta,3,1,71m²,,,,$240M,,,,,,,,
apartamento-en-venta.oiQb1p1a1q-,Venta,Apartamento en Venta,5,4,120m²,,,,$550M,,,,,,,,
"apartamento-en-venta,-los-cristales.u1WX1vMGj1s",Venta,Apartamento,3,2,112m²,,,,$290M,,,,,,,,
apartamento-en-venta.s1S1P1YxR6J,Venta,Apartamento en Venta,4,3,67m²,,,,$280M,,,,,,,,
apartamento-en-venta.s1u1U1JfOf1F,Venta,Apartamento en Venta,3,2,130m²,,,,$390M,,,,,,,,
apartamento-en-venta.1N71BN1sOD1o,Venta,Apartamento en Venta,3,2,80m²,,,,$260M,,,,,,,,
apartamento-en-venta.1g17d1j151I1db,Venta,Apartamento en Venta,4,5,150m²,,,,$480M,,,,,,,,
apartamento-en-venta.O161ZPX1p13d,Venta,Apartamento en Venta,1,1,27m²,,,,$115M,,,,,,,,
apartamento-en-venta.u1s1pIx15eI,Venta,Apartamento en Venta,2,2,42m²,,,,$210M,,,,,,,,
apartamento-en-venta.1LOo1JE1f_,Venta,Apartamento en Venta,3,3,119m²,,,,$490M,,,,,,,,
apartamento-en-venta.15WT1x1a1x1Hn,Venta,Apartamento en Venta,3,2,64m²,,,,$268M,,,,,,,,
apartamento-en-venta.p1H1KY1hjx1I,Venta,Apartamento en Venta,3,3,151m²,,,,$480M,,,,,,,,
apartamento-en-venta.1k1o9jL1s1cc,Venta,Apartamento en Venta,3,2,50m²,,,,$300M,,,,,,,,
"apartamento-en-venta,-jorge-eliecer-gaitan.101w1Tg1y1A1_1-",Venta,Apartamento,1,1,3.359m²,,,,$124M,,,,,,,,
apartamento-en-venta.f1O1L4h1N3-,Venta,Apartamento en Venta,3,2,77m²,,,,$215M,,,,,,,,
"apartamento-en-venta,-mesopotamia.h1vs131V0fB",Venta,Apartamento,3,3,86m²,,,,$252M,,,,,,,,
apartamento-en-venta.1Xp1uK1sij1q,Venta,Apartamento en Venta,3,3,85m²,,,,$200M,,,,,,,,
apartamento-en-venta.BO11-1i_u1j,Venta,Apartamento en Venta,3,3,93m²,,,,$500M,,,,,,,,
apartamento-en-venta.271eP1kI313,Venta,Apartamento en Venta,3,2,76m²,,,,$275M,,,,,,,,
apartamento-en-venta.1uz147eS1RI,Venta,Apartamento en Venta,3,4,200m²,,,,$850M,,,,,,,,
apartamento-en-venta.AE171Z26D10,Venta,Apartamento en Venta,3,2,62m²,,,,$147M,,,,,,,,
apartamento-en-venta.L10PL1g0L1C,Venta,Apartamento en Venta,2,2,65m²,,,,$235M,,,,,,,,
apartamento-en-venta.ng1D3J1W3c,Venta,Apartamento en Venta,3,3,112m²,,,,$460M,,,,,,,,
"apartamento-en-venta,-unicentro.1II81Oe1Y1HQ",Venta,Apartamento,4,4,151m²,,,,$490M,,,,,,,,
apartamento-en-venta.1N1ix1U1eVa1x,Venta,Apartamento en Venta,3,2,78m²,,,,$330M,,,,,,,,
apartamento-en-venta.j1Gv1d1uH1p1V,Venta,Apartamento en Venta,3,2,112m²,,,,$475M,,,,,,,,
apartamento-en-venta.11avmU1xe1f,Venta,Apartamento en Venta,3,1,62m²,,,,$130M,,,,,,,,
apartamento-en-venta.SK1oqcX1W16,Venta,Apartamento en Venta,3,1,52m²,,,,$130M,,,,,,,,
apartamento-en-venta.Su21-1hYrl,Venta,Apartamento en Venta,3,2,95m²,,,,$220M,,,,,,,,
apartamento-en-venta.t1InpDO1p1n,Venta,Apartamento en Venta,3,2,76m²,,,,$350M,,,,,,,,
apartamento-en-venta.1gf18-1_1x1Rt,Venta,Apartamento en Venta,3,3,87m²,,,,$450M,,,,,,,,
apartamento-en-venta.1Fix1W_1U1j8,Venta,Apartamento en Venta,3,3,100m²,,,,$450M,,,,,,,,
apartamento-en-venta.13131h91J1U1al,Venta,Apartamento en Venta,3,2,56m²,,,,$149M,,,,,,,,
apartamento-en-venta.131q1a1g1q1O7o,Venta,Apartamento en Venta,3,2,62m²,,,,$265M,,,,,,,,
apartamento-en-venta.161g1tm1841r,Venta,Apartamento en Venta,3,2,76m²,,,,$220M,,,,,,,,
apartamento-en-venta.1Co19T1BR1415,Venta,Apartamento en Venta,3,2,78m²,,,,$260M,,,,,,,,
apartamento-en-venta.1PC1ehc2j1O,Venta,Apartamento en Venta,3,2,76m²,,,,$235M,,,,,,,,
apartamento-en-venta.1Y1wL1a14v1j1M,Venta,Apartamento en Venta,3,2,76m²,,,,$260M,,,,,,,,
apartamento-en-venta.A1nA1q1Hi143,Venta,Apartamento en Venta,3,2,54m²,,,,$210M,,,,,,,,
apartamento-en-venta.1ek1xCj1hk1_,Venta,Apartamento en Venta,5,4,180m²,,,,$430M,,,,,,,,
apartamento-en-venta.2X1N1g1g1j1016,Venta,Apartamento en Venta,3,2,108m²,,,,$480M,,,,,,,,
apartamento-en-venta.ZO18116m1U_,Venta,Apartamento en Venta,2,2,59m²,,,,$235M,,,,,,,,
apartamento-en-venta.Ls1Y1A1Xg1FV,Venta,Apartamento en Venta,2,2,63m²,,,,$245M,,,,,,,,
apartamento-en-venta.tCPT61iMn,Venta,Apartamento en Venta,2,1,46m²,,,,$150M,,,,,,,,
apartamento-en-venta.1jn1L1w80rL,Venta,Apartamento en Venta,2,2,60m²,,,,$190M,,,,,,,,
apartamento-en-venta.m1A1j1w1mi1P1G,Venta,Apartamento en Venta,3,2,132m²,,,,$460M,,,,,,,,
apartamento-en-venta.1buJADC1PH,Venta,Apartamento en Venta,4,4,135m²,,,,$500M,,,,,,,,
apartamento-en-venta.19A3ZG1od1V,Venta,Apartamento en Venta,3,2,60m²,,,,$171M,,,,,,,,
apartamento-en-venta.1lP1g1Jw1c1b1c,Venta,Apartamento en Venta,3,2,56m²,,,,$165M,,,,,,,,
"apartamento-en-venta,-santa-inés._L1Xr1XW172",Venta,Apartamento,2,2,49m²,,,,$225M,,,,,,,,
apartamento-en-venta.f1I1o-Q15E1o,Venta,Apartamento en Venta,2,2,67m²,,,,$255M,,,,,,,,
apartamento-en-venta.1ck1e1F1u1y1r1W,Venta,Apartamento en Venta,3,3,132m²,,,,$315M,,,,,,,,
apartamento-en-venta.EO415ku1d12,Venta,Apartamento en Venta,2,2,78m²,,,,$275M,,,,,,,,
"apartamento-en-venta,-villa-olimpica.81T1nJg1vTk",Venta,Apartamento,3,2,80m²,,,,$280M,,,,,,,,
apartamento-en-venta.E1tbaQF1vW,Venta,Apartamento en Venta,3,2,67m²,,,,$245M,,,,,,,,
apartamento-en-venta.X13fJLja1G,Venta,Apartamento en Venta,3,2,87m²,,,,$305M,,,,,,,,
apartamento-en-venta.s1B5d1Xx1UP,Venta,Apartamento en Venta,3,2,87m²,,,,$300M,,,,,,,,
"apartamento-en-venta,-unicentro.yH1o1t1Y0n1r",Venta,Apartamento,1,2,5.265m²,,,,$200M,,,,,,,,
apartamento-en-venta.w1J1I1zdxp-,Venta,Apartamento en Venta,2,2,54m²,,,,$227M,,,,,,,,
apartamento-en-venta.1v1g1l1b1j1Ewo,Venta,Apartamento en Venta,3,1,62m²,,,,$170M,,,,,,,,
apartamento-en-venta.4v12l1ChXG,Venta,Apartamento en Venta,4,3,94m²,,,,$220M,,,,,,,,
apartamento-en-venta.f81xh15g1Pf,Venta,Apartamento en Venta,3,2,110m²,,,,$460M,,,,,,,,
apartamento-en-venta.131E1312TXaK,Venta,Apartamento en Venta,2,2,68m²,,,,$385M,,,,,,,,
apartamento-en-venta.1Kdj1JN-j1V,Venta,Apartamento en Venta,3,4,180m²,,,,$740M,,,,,,,,
apartamento-en-venta.1t1KV7j1Y1o17,Venta,Apartamento en Venta,3,2,103m²,,,,$340M,,,,,,,,
apartamento-en-venta.Z7H1dV1h41S,Venta,Apartamento en Venta,3,2,67m²,,,,$215M,,,,,,,,
apartamento-en-venta.I1rp1-Zo12g,Venta,Apartamento en Venta,3,2,65m²,,,,$238M,,,,,,,,
apartamento-en-venta.NXs18t1b8J,Venta,Apartamento en Venta,4,2,99m²,,,,$375M,,,,,,,,
apartamento-en-venta.Gmyq1Z1A1sJ,Venta,Apartamento en Venta,3,2,66m²,,,,$200M,,,,,,,,
apartamento-en-venta.1Z1VzM1dshr,Venta,Apartamento en Venta,3,2,68m²,,,,$225M,,,,,,,,
apartamento-en-venta.71Fa1lo1ZE17,Venta,Apartamento en Venta,2,1,48m²,,,,$195M,,,,,,,,
"apartamento-en-venta,-unicentro.Oi19Gk1A10r",Venta,Apartamento,3,3,121m²,,,,$511M,,,,,,,,
apartamento-en-venta.A1E1X5cJdV,Venta,Apartamento en Venta,2,1,57m²,,,,$200M,,,,,,,,
apartamento-en-venta.F1Z1Sr1_DXN,Venta,Apartamento en Venta,3,2,101m²,,,,$350M,,,,,,,,
apartamento-en-venta.RK1515z191hW,Venta,Apartamento en Venta,3,3,84m²,,,,$325M,,,,,,,,
apartamento-en-venta.1L3U51B1x1h1d,Venta,Apartamento en Venta,2,3,74m²,,,,$320M,,,,,,,,
apartamento-en-venta.1t1eYE1G1bFz,Venta,Apartamento en Venta,2,2,78m²,,,,$270M,,,,,,,,
apartamento-en-venta.1SF1z1D1Arp1N,Venta,Apartamento en Venta,3,2,58m²,,,,$199M,,,,,,,,
apartamento-en-venta.16DkH1S1t111O,Venta,Apartamento en Venta,3,2,76m²,,,,$270M,,,,,,,,
apartamento-en-venta.R1psI13w1T1G,Venta,Apartamento en Venta,3,2,107m²,,,,$575M,,,,,,,,
apartamento-en-venta.A1yA1M131Ysf,Venta,Apartamento en Venta,3,3,89m²,,,,$280M,,,,,,,,
apartamento-en-venta.xPHU5EMv,Venta,Apartamento en Venta,2,2,78m²,,,,$255M,,,,,,,,
apartamento-en-venta.r1Y1YAa181_,Venta,Apartamento en Venta,2,2,48m²,,,,$211M,,,,,,,,
apartamento-en-venta._G1s1h1l5s1Y,Venta,Apartamento en Venta,3,2,64m²,,,,$200M,,,,,,,,
apartamento-en-venta.EN1U14rO144,Venta,Apartamento en Venta,4,4,137m²,,,,$477M,,,,,,,,
apartamento-en-venta.1Okb1e-1xP-,Venta,Apartamento en Venta,3,3,80m²,,,,$320M,,,,,,,,
"apartamento-en-venta,-el-dorado.dj1YP121hoA",Venta,Apartamento,3,2,80m²,,,,$255M,,,,,,,,
apartamento-en-venta.43j1m1q1Z1s1n,Venta,Apartamento en Venta,3,2,68m²,,,,$170M,,,,,,,,
apartamento-en-venta.1B1-1-1-u1r1Ym,Venta,Apartamento en Venta,3,2,80m²,,,,$360M,,,,,,,,
apartamento-en-venta.1aP1-ks1q1h18,Venta,Apartamento en Venta,3,2,67m²,,,,$150M,,,,,,,,
apartamento-en-venta._2181snV1ft,Venta,Apartamento en Venta,3,2,103m²,,,,$350M,,,,,,,,
apartamento-en-venta.1OPq14a1S1g1t,Venta,Apartamento en Venta,1,1,36m²,,,,$175M,,,,,,,,
apartamento-en-venta.1x141k1514181q1v,Venta,Apartamento en Venta,3,2,70m²,,,,$310M,,,,,,,,
apartamento-en-venta.J1d1MG1L1_Df,Venta,Apartamento en Venta,3,2,78m²,,,,$260M,,,,,,,,
apartamento-en-venta.Av121b1zUp2,Venta,Apartamento en Venta,3,2,80m²,,,,$330M,,,,,,,,
apartamento-en-venta.Y91n1f1n1HLz,Venta,Apartamento en Venta,3,2,62m²,,,,$200M,,,,,,,,
apartamento-en-venta.j1V1ut1218-1U,Venta,Apartamento en Venta,3,3,95m²,,,,$200M,,,,,,,,
apartamento-en-venta.r1C1E1O1N1hz,Venta,Apartamento en Venta,2,2,113m²,,,,$435M,,,,,,,,
apartamento-en-venta.xBOl1e2IM,Venta,Apartamento en Venta,3,3,154m²,,,,$400M,,,,,,,,
apartamento-en-venta.1UVWQ1wF1XR,Venta,Apartamento en Venta,,3,118m²,,,,$400M,,,,,,,,
apartamento-en-venta.1D1e1koAO1n2,Venta,Apartamento en Venta,3,2,78m²,,,,$270M,,,,,,,,
apartamento-en-venta.Fn1W1R1syH1R,Venta,Apartamento en Venta,3,2,89m²,,,,$320M,,,,,,,,
apartamento-en-venta.1wSG1S1Rc1T,Venta,Apartamento en Venta,4,4,137m²,,,,$450M,,,,,,,,
"apartamento-en-venta,-el-milagro.31EU181X161cZ",Venta,Apartamento,5,4,200m²,,,,$300M,,,,,,,,
apartamento-en-venta.HY1Z1DJ1B2,Venta,Apartamento en Venta,3,3,150m²,,,,$490M,,,,,,,,
apartamento-en-venta.J5YkS8J1A,Venta,Apartamento en Venta,3,1,55m²,,,,$150M,,,,,,,,
apartamento-en-venta.K1Wb19s1A1qs,Venta,Apartamento en Venta,3,2,72m²,,,,$280M,,,,,,,,
apartamento-en-venta.z1m13j1wB1O1c,Venta,Apartamento en Venta,3,2,72m²,,,,$320M,,,,,,,,
apartamento-en-venta.1Q1t1-12l1Fcl,Venta,Apartamento en Venta,3,1,48m²,,,,$140M,,,,,,,,
apartamento-en-venta.1Ng6I12b_b,Venta,Apartamento en Venta,2,2,52m²,,,,$217M,,,,,,,,
"apartamento-en-venta,-la-maria.L9Eoxk1Q1H",Venta,Apartamento,1,1,32m²,,,,$110M,,,,,,,,
venta-apartamento-ramiriqui-boyaca.R1D1-o12w1f_,Venta,Apartamento,4,3,81m²,,,,$360M,,,,,,,Sí,
lote-en-zona-de-expancion-al-norte-de-tunja.C12t1z1LD1O11,Venta,Terreno o Lote,,,6.225m²,,,,$1.250M,,,,2015,,,,
apartamento-en-venta.O1AVejd1V18,Venta,Apartamento en Venta,2,1,69m²,,,,$199M,,,,,,,,
